{
  "threshold": 1e-06,
  "strategy": "f1",
  "score": 0.7639419404125287,
  "calibration_files": 1618,
  "class_counts": {
    "unknown": 618,
    "drone": 1000,
    "prevalence": 0.6180469715698393
  },
  "unknown_stats": {
    "min": 7.081593236459108e-05,
    "max": 0.9934955835342407,
    "mean": 0.794837202001263,
    "std": 0.3664808026476838
  },
  "drone_stats": {
    "min": 1.7202495109813752e-05,
    "max": 0.9968257546424866,
    "mean": 0.14180916626196766,
    "std": 0.23113465737856725
  },
  "all_stats": {
    "min": 1.7202495109813752e-05,
    "max": 0.9968257546424866,
    "mean": 0.39123520216239077,
    "std": 0.43010036958513437,
    "unique": 1607
  },
  "calibration_date": "2025-10-20T12:55:30.340977",
  "drone_class_index": 0
}