{
  "threshold": 0.830499339,
  "strategy": "f1",
  "score": 0.8669001751313484,
  "calibration_files": 1618,
  "class_counts": {
    "unknown": 1000,
    "drone": 618,
    "prevalence": 0.3819530284301607
  },
  "unknown_stats": {
    "min": 4.137896510769679e-07,
    "max": 0.9999133348464966,
    "mean": 0.1789109790484873,
    "std": 0.2464950194067081
  },
  "drone_stats": {
    "min": 6.324329901872262e-05,
    "max": 0.9999324083328247,
    "mean": 0.8110834909691635,
    "std": 0.3732600803228735
  },
  "all_stats": {
    "min": 4.137896510769679e-07,
    "max": 0.9999324083328247,
    "mean": 0.4203711844668914,
    "std": 0.43024267112097553,
    "unique": 1602
  },
  "calibration_date": "2025-10-20T12:04:19.306659",
  "drone_class_index": 0
}