{
  "threshold": 1e-06,
  "strategy": "f1",
  "score": 0.7639419404125287,
  "calibration_files": 1618,
  "class_counts": {
    "unknown": 618,
    "drone": 1000,
    "prevalence": 0.6180469715698393
  },
  "unknown_stats": {
    "min": 8.22744240698133e-05,
    "max": 0.940300703048706,
    "mean": 0.5447299816819604,
    "std": 0.28738465243263117
  },
  "drone_stats": {
    "min": 2.81746497421409e-05,
    "max": 0.9958456158638,
    "mean": 0.1375904555837011,
    "std": 0.22392106791754102
  },
  "all_stats": {
    "min": 2.81746497421409e-05,
    "max": 0.9958456158638,
    "mean": 0.2930986305705517,
    "std": 0.31885025148826973,
    "unique": 1611
  },
  "calibration_date": "2025-10-20T12:22:01.843839",
  "drone_class_index": 0
}