{
  "threshold": 1e-06,
  "strategy": "f1",
  "score": 0.7639419404125287,
  "calibration_files": 1618,
  "class_counts": {
    "unknown": 618,
    "drone": 1000,
    "prevalence": 0.6180469715698393
  },
  "unknown_stats": {
    "min": 0.00041632030358111177,
    "max": 0.9994727969169617,
    "mean": 0.7345172426844486,
    "std": 0.3996118855118974
  },
  "drone_stats": {
    "min": 2.3742603616483393e-06,
    "max": 0.9990615725517273,
    "mean": 0.1295946390386262,
    "std": 0.21594045550484203
  },
  "all_stats": {
    "min": 2.3742603616483393e-06,
    "max": 0.9994727969169617,
    "mean": 0.36064665946700575,
    "std": 0.4197585092035882,
    "unique": 1612
  },
  "calibration_date": "2025-10-20T13:13:01.198037",
  "drone_class_index": 0
}