{
  "threshold": 0.001500997,
  "strategy": "f1",
  "score": 0.7639419404125287,
  "calibration_files": 1618,
  "class_counts": {
    "unknown": 618,
    "drone": 1000,
    "prevalence": 0.6180469715698393
  },
  "unknown_stats": {
    "min": 0.0055336856050416825,
    "max": 0.988031268119812,
    "mean": 0.8095658317196072,
    "std": 0.36649568791427134
  },
  "drone_stats": {
    "min": 0.0031924705835990608,
    "max": 0.9884743332862854,
    "mean": 0.21141480022719594,
    "std": 0.2434873138863945
  },
  "all_stats": {
    "min": 0.0031924705835990608,
    "max": 0.9884743332862854,
    "mean": 0.4398803981643468,
    "std": 0.4152174897750171,
    "unique": 1600
  },
  "calibration_date": "2025-10-20T12:39:23.738867",
  "drone_class_index": 0
}