{
  "threshold": 1e-06,
  "strategy": "f1",
  "score": 0.7639419404125287,
  "calibration_files": 1618,
  "class_counts": {
    "unknown": 618,
    "drone": 1000,
    "prevalence": 0.6180469715698393
  },
  "unknown_stats": {
    "min": 0.00012110788205366892,
    "max": 0.7894758582115173,
    "mean": 0.3977138983585207,
    "std": 0.20884513510392094
  },
  "drone_stats": {
    "min": 3.816729258687701e-05,
    "max": 0.9922103524208069,
    "mean": 0.13847010841311028,
    "std": 0.22409885218035744
  },
  "all_stats": {
    "min": 3.816729258687701e-05,
    "max": 0.9922103524208069,
    "mean": 0.23748905908447226,
    "std": 0.2521173759587152,
    "unique": 1614
  },
  "calibration_date": "2025-10-20T13:28:56.937463",
  "drone_class_index": 0
}